<?xml version="1.0" encoding="UTF-8"?>

<!--
 ***************************************************************
 * Licensed to the Apache Software Foundation (ASF) under one
 * or more contributor license agreements.  See the NOTICE file
 * distributed with this work for additional information
 * regarding copyright ownership.  The ASF licenses this file
 * to you under the Apache License, Version 2.0 (the
 * "License"); you may not use this file except in compliance
 * with the License.  You may obtain a copy of the License at
     *
 *   http://www.apache.org/licenses/LICENSE-2.0
 *
 * Unless required by applicable law or agreed to in writing,
 * software distributed under the License is distributed on an
 * "AS IS" BASIS, WITHOUT WARRANTIES OR CONDITIONS OF ANY
 * KIND, either express or implied.  See the License for the
 * specific language governing permissions and limitations
 * under the License.
 ***************************************************************
-->

<!-- A simple collection reader that reads text files from a directory in the
     filesystem.  The Java class for this collection reader is in uima_core.jar. -->

<collectionReaderDescription xmlns="http://uima.apache.org/resourceSpecifier">
    <frameworkImplementation>org.apache.uima.java</frameworkImplementation>
    <implementationName>edu.utah.bmi.uima.SQLTextReader</implementationName>
    <processingResourceMetaData>
        <name>SQL Text Reader</name>
        <description>Reads documents from the database.</description>
        <version>1.0</version>
        <vendor>BMI, UofU</vendor>
        <configurationParameters>
            <configurationParameter>
                <name>SQLFile</name>
                <description>SQLFile path to read. For SQLite, it will be the path of SQLite file. For MySQL, it will be MySQL configuration file</description>
                <type>String</type>
                <multiValued>false</multiValued>
                <mandatory>true</mandatory>
            </configurationParameter>
            <configurationParameter>
                <name>TableName</name>
                <description>The table name to save the text documents.
                </description>
                <type>String</type>
                <multiValued>false</multiValued>
                <mandatory>true</mandatory>
            </configurationParameter>
        </configurationParameters>
        <configurationParameterSettings>
            <nameValuePair>
                <name>SQLFile</name>
                <value>
                    <string>data/corpus.sqlite</string>
                </value>
            </nameValuePair>
            <nameValuePair>
                <name>TableName</name>
                <value>
                    <string>corpus</string>
                </value>
            </nameValuePair>
        </configurationParameterSettings>

        <!-- Type System of CASes returned by this Collection Reader -->

        <typeSystemDescription>
            <imports>
                <import name="org.apache.uima.examples.SourceDocumentInformation"/>
            </imports>
        </typeSystemDescription>

        <capabilities>
            <capability>
                <inputs/>
                <outputs>
                    <type allAnnotatorFeatures="true">org.apache.uima.examples.SourceDocumentInformation</type>
                </outputs>
            </capability>
        </capabilities>
        <operationalProperties>
            <modifiesCas>true</modifiesCas>
            <multipleDeploymentAllowed>false</multipleDeploymentAllowed>
            <outputsNewCASes>true</outputsNewCASes>
        </operationalProperties>
    </processingResourceMetaData>
</collectionReaderDescription>
