<?xml version="1.0" encoding="UTF-8"?>

<!--
 ***************************************************************
 * Licensed to the Apache Software Foundation (ASF) under one
 * or more contributor license agreements.  See the NOTICE file
 * distributed with this work for additional information
 * regarding copyright ownership.  The ASF licenses this file
 * to you under the Apache License, Version 2.0 (the
 * "License"); you may not use this file except in compliance
 * with the License.  You may obtain a copy of the License at
     *
 *   http://www.apache.org/licenses/LICENSE-2.0
 *
 * Unless required by applicable law or agreed to in writing,
 * software distributed under the License is distributed on an
 * "AS IS" BASIS, WITHOUT WARRANTIES OR CONDITIONS OF ANY
 * KIND, either express or implied.  See the License for the
 * specific language governing permissions and limitations
 * under the License.
 ***************************************************************
-->

<analysisEngineDescription xmlns="http://uima.apache.org/resourceSpecifier">
    <frameworkImplementation>org.apache.uima.java</frameworkImplementation>
    <primitive>true</primitive>
    <annotatorImplementationName>edu.utah.bmi.uima.SQLWriterCasConsumer</annotatorImplementationName>
    <analysisEngineMetaData>
        <name>SQL Writer CasConsumer</name>
        <description>Write annotations in structured format table</description>
        <configurationParameters>
            <configurationParameter>
                <name>SQLFile</name>
                <description>SQLFile path to write. For SQLite, it will be the path of SQLite file. For MySQL, it will
                    be MySQL configuration file
                </description>
                <type>String</type>
                <multiValued>false</multiValued>
                <mandatory>true</mandatory>
            </configurationParameter>
            <configurationParameter>
                <name>TableName</name>
                <description>The table name to save the text documents.
                </description>
                <type>String</type>
                <multiValued>false</multiValued>
                <mandatory>true</mandatory>
            </configurationParameter>
            <configurationParameter>
                <name>OverWriteTable</name>
                <description>If table exists, whether clean the table at first
                </description>
                <type>Boolean</type>
                <multiValued>false</multiValued>
                <mandatory>false</mandatory>
            </configurationParameter>
            <configurationParameter>
                <name>WriteConcepts</name>
                <description>The names of the concepts that need to be written to db
                </description>
                <type>String</type>
                <multiValued>false</multiValued>
                <mandatory>true</mandatory>
            </configurationParameter>
            <configurationParameter>
                <name>BatchSize</name>
                <description>Batch size for database writing
                </description>
                <type>Integer</type>
                <multiValued>false</multiValued>
                <mandatory>false</mandatory>
            </configurationParameter>
            <configurationParameter>
                <name>Annotator</name>
                <description>Annotator's name, or can be use to differentiate different version of runs
                </description>
                <type>String</type>
                <multiValued>false</multiValued>
                <mandatory>false</mandatory>
            </configurationParameter>
        </configurationParameters>
        <configurationParameterSettings>
            <nameValuePair>
                <name>SQLFile</name>
                <value>
                    <string>data/output.sqlite</string>
                </value>
            </nameValuePair>
            <nameValuePair>
                <name>TableName</name>
                <value>
                    <string>output</string>
                </value>
            </nameValuePair>
            <nameValuePair>
                <name>OverWriteTable</name>
                <value>
                    <boolean>false</boolean>
                </value>
            </nameValuePair>
            <nameValuePair>
                <name>WriteConcepts</name>
                <value>
                    <string>Concept,PseudoConcept</string>
                </value>
            </nameValuePair>
            <nameValuePair>
                <name>BatchSize</name>
                <value>
                    <integer>150</integer>
                </value>
            </nameValuePair>
            <nameValuePair>
                <name>Annotator</name>
                <value>
                    <string></string>
                </value>
            </nameValuePair>
        </configurationParameterSettings>
        <typeSystemDescription>
            <imports>
                <import location="../type/All_Types.xml"/>
            </imports>
        </typeSystemDescription>
        <capabilities>
            <capability>
                <inputs/>
                <outputs/>
                <languagesSupported/>
            </capability>
        </capabilities>
        <operationalProperties>
            <modifiesCas>true</modifiesCas>
            <multipleDeploymentAllowed>true</multipleDeploymentAllowed>
            <outputsNewCASes>false</outputsNewCASes>
        </operationalProperties>
    </analysisEngineMetaData>
</analysisEngineDescription>
