<?xml version="1.0" encoding="UTF-8"?>

<!--
 ***************************************************************
 * Licensed to the Apache Software Foundation (ASF) under one
 * or more contributor license agreements.  See the NOTICE file
 * distributed with this work for additional information
 * regarding copyright ownership.  The ASF licenses this file
 * to you under the Apache License, Version 2.0 (the
 * "License"); you may not use this file except in compliance
 * with the License.  You may obtain a copy of the License at
     *
 *   http://www.apache.org/licenses/LICENSE-2.0
 *
 * Unless required by applicable law or agreed to in writing,
 * software distributed under the License is distributed on an
 * "AS IS" BASIS, WITHOUT WARRANTIES OR CONDITIONS OF ANY
 * KIND, either express or implied.  See the License for the
 * specific language governing permissions and limitations
 * under the License.
 ***************************************************************
-->

<analysisEngineDescription xmlns="http://uima.apache.org/resourceSpecifier">
    <frameworkImplementation>org.apache.uima.java</frameworkImplementation>
    <primitive>true</primitive>
    <annotatorImplementationName>edu.utah.bmi.rush.uima.RuSH_AE</annotatorImplementationName>
    <analysisEngineMetaData>
        <name>RuSH AE</name>
        <description>RuSH (Rule-based Segmentation Tool Using Hashing) analysisEngineDescriptor</description>
        <configurationParameters>
            <configurationParameter>
                <name>RuleFile</name>
                <description>The file contains sentence segmentation rules</description>
                <type>String</type>
                <multiValued>false</multiValued>
                <mandatory>true</mandatory>
            </configurationParameter>
            <configurationParameter>
                <name>SentenceTypeName</name>
                <description>The type system name for sentences</description>
                <type>String</type>
                <multiValued>false</multiValued>
                <mandatory>false</mandatory>
            </configurationParameter>
            <configurationParameter>
                <name>AlterSentenceTypeName</name>
                <description>The type system name for alternative sentences--used for different coloring</description>
                <type>String</type>
                <multiValued>false</multiValued>
                <mandatory>false</mandatory>
            </configurationParameter>
            <configurationParameter>
                <name>TokenTypeName</name>
                <description>The type system name for tokens</description>
                <type>String</type>
                <multiValued>false</multiValued>
                <mandatory>false</mandatory>
            </configurationParameter>
            <configurationParameter>
                <name>IncludePunctuation</name>
                <description>Whether tokenize punctuations</description>
                <type>Boolean</type>
                <multiValued>false</multiValued>
                <mandatory>false</mandatory>
            </configurationParameter>
            <configurationParameter>
                <name>AutoFixGaps</name>
                <description>The table name to save the text documents.
                </description>
                <type>Boolean</type>
                <multiValued>false</multiValued>
                <mandatory>false</mandatory>
            </configurationParameter>
        </configurationParameters>
        <configurationParameterSettings>
            <nameValuePair>
                <name>RuleFile</name>
                <value>
                    <string>conf/rush.csv</string>
                </value>
            </nameValuePair>
            <nameValuePair>
                <name>SentenceTypeName</name>
                <value>
                    <string>edu.utah.bmi.type.system.Sentence</string>
                </value>
            </nameValuePair>
            <nameValuePair>
                <name>AlterSentenceTypeName</name>
                <value>
                    <string>edu.utah.bmi.type.system.SentenceOdd</string>
                </value>
            </nameValuePair>
            <nameValuePair>
                <name>TokenTypeName</name>
                <value>
                    <string>edu.utah.bmi.type.system.Token</string>
                </value>
            </nameValuePair>
            <nameValuePair>
                <name>IncludePunctuation</name>
                <value>
                    <boolean>true</boolean>
                </value>
            </nameValuePair>
            <nameValuePair>
                <name>AutoFixGaps</name>
                <value>
                    <boolean>true</boolean>
                </value>
            </nameValuePair>
        </configurationParameterSettings>
        <typeSystemDescription>
            <imports>
                <import location="../type/All_Types.xml"/>
            </imports>
        </typeSystemDescription>
        <capabilities>
            <capability>
                <inputs/>
                <outputs/>
                <languagesSupported/>
            </capability>
        </capabilities>
        <operationalProperties>
            <modifiesCas>true</modifiesCas>
            <multipleDeploymentAllowed>true</multipleDeploymentAllowed>
            <outputsNewCASes>false</outputsNewCASes>
        </operationalProperties>
    </analysisEngineMetaData>
</analysisEngineDescription>
