<?xml version="1.0" encoding="ISO-8859-1"?>
<styleMap>
<rule>
<pattern>edu.utah.bmi.nlp.type.system.Sentence</pattern>
<label>Sentence</label>
<style>color:black; background:lightblue;</style>
</rule>
<rule>
<pattern>edu.utah.bmi.nlp.type.system.SentenceOdd</pattern>
<label>SentenceOdd</label>
<style>color:black; background:lightgreen;</style>
</rule>
<rule>
<pattern>edu.utah.bmi.nlp.type.system.Token</pattern>
<label>Token</label>
<style>color:black; background:orange;</style>
</rule>
<rule>
<pattern>edu.utah.bmi.nlp.type.system.EntityBASE</pattern>
<label>EntityBASE</label>
<style>color:black; background:yellow;</style>
</rule>
<rule>
<pattern>edu.utah.bmi.nlp.type.system.ConceptBASE</pattern>
<label>ConceptBASE</label>
<style>color:black; background:pink;</style>
</rule>
<rule>
<pattern>edu.utah.bmi.nlp.type.system.Concept</pattern>
<label>Concept</label>
<style>color:black; background:salmon;</style>
</rule>
<rule>
<pattern>edu.utah.bmi.nlp.type.system.PseudoConcept</pattern>
<label>PseudoConcept</label>
<style>color:black; background:cyan;</style>
</rule>
<rule>
<pattern>edu.utah.bmi.nlp.type.system.Context</pattern>
<label>Context</label>
<style>color:black; background:violet;</style>
</rule>
<rule>
<pattern>edu.utah.bmi.nlp.type.system.Doc_Base</pattern>
<label>Doc_Base</label>
<style>color:black; background:tan;</style>
</rule>
<rule>
<pattern>org.apache.uima.examples.SourceDocumentInformation</pattern>
<label>SourceDocumentInformation</label>
<style>color:white; background:brown;</style>
</rule>
</styleMap>

