<?xml version="1.0" encoding="UTF-8"?>
<!--
  ~ Copyright  2017  Department of Biomedical Informatics, University of Utah
  ~ <p>
  ~ Licensed under the Apache License, Version 2.0 (the "License");
  ~ you may not use this file except in compliance with the License.
  ~ You may obtain a copy of the License at
  ~ <p>
  ~ http://www.apache.org/licenses/LICENSE-2.0
  ~ <p>
  ~ Unless required by applicable law or agreed to in writing, software
  ~ distributed under the License is distributed on an "AS IS" BASIS,
  ~ WITHOUT WARRANTIES OR CONDITIONS OF ANY KIND, either express or implied.
  ~ See the License for the specific language governing permissions and
  ~ limitations under the License.
  -->

<typeSystemDescription xmlns="http://uima.apache.org/resourceSpecifier">
    <name/>
    <description>Derive from TestStanfordCoreNLPUIMAWrapper-typeSystemDescriptor
        including token sentence dependency types.
    </description>
    <version>1.0</version>
    <vendor/>
    <types>
        <typeDescription>
            <name>edu.utah.bmi.nlp.type.system.Context</name>
            <description/>
            <supertypeName>edu.utah.bmi.nlp.type.system.EntityBASE</supertypeName>
            <features>
                <featureDescription>
                    <name>ModifierName</name>
                    <description/>
                    <rangeTypeName>uima.cas.String</rangeTypeName>
                </featureDescription>
                <featureDescription>
                    <name>ModifierValue</name>
                    <description/>
                    <rangeTypeName>uima.cas.String</rangeTypeName>
                </featureDescription>
                <featureDescription>
                    <name>TargetConcept</name>
                    <description/>
                    <rangeTypeName>uima.cas.String</rangeTypeName>
                </featureDescription>
            </features>
        </typeDescription>
    </types>
</typeSystemDescription>
