#
[T|t]emp[|erature]\s+[|\c+\s+|\c+\s+\c+\s+]1[0|1]\d[|.\d][|F|\s+F|\s+degree|\s+degrees|\s+degree\s+F|\s+degrees\s+F])[\p|\w]	1	edu.utah.bmi.type.system.Fever_present
[T|t]emp[|erature]\s+[|\c+\s+|\c+\s+\c+\s+](1[0|1]\d[|.\d])[\p|\w]	1	edu.utah.bmi.type.system.Fever_present
[T|t]emp[|erature]\s+[|\c+\s+|\c+\s+\c+\s+]99[|.\d][|F|\s+F|\s+degree|\s+degrees|\s+degree\s+F|\s+degrees\s+F])[\p|\w]	1	edu.utah.bmi.type.system.Fever_present
[T|t]emp[|erature]\s+[|\c+\s+|\c+\s+\c+\s+]98.9[|F|\s+F|\s+degree|\s+degrees|\s+degree\s+F|\s+degrees\s+F])[\p|\w]	1	edu.utah.bmi.type.system.Fever_present
[T|t]emp[|erature]\s+[|\c+\s+|\c+\s+\c+\s+]98.[1|2|3|4|5|6|7|8][|F|\s+F|\s+degree|\s+degrees|\s+degree\s+F|\s+degrees\s+F])[\p|\w]	1	edu.utah.bmi.type.system.Fever_absent
[T|t]emp[|erature]\s+[|\c+\s+|\c+\s+\c+\s+]9[3|4|5|6|7][|.\d][|F|\s+F|\s+degree|\s+degrees|\s+degree\s+F|\s+degrees\s+F])[\p|\w]	1	edu.utah.bmi.type.system.Fever_absent


[axillary|oral|rectal]\s+temp[|erature]\s+[|\c+\s+|\c+\s+\c+\s+]1[0|1]\d[|.\d][|F|\s+F|\s+degree|\s+degrees|\s+degree\s+F|\s+degrees\s+F])[\p|\w]	1	edu.utah.bmi.type.system.Fever_present
[axillary|oral|rectal]\s+temp[|erature]\s+[|\c+\s+|\c+\s+\c+\s+]99[|.\d][|F|\s+F|\s+degree|\s+degrees|\s+degree\s+F|\s+degrees\s+F])[\p|\w]	1	edu.utah.bmi.type.system.Fever_present
[axillary|oral|rectal]\s+temp[|erature]\s+[|\c+\s+|\c+\s+\c+\s+]98.9[|F|\s+F|\s+degree|\s+degrees|\s+degree\s+F|\s+degrees\s+F])[\p|\w]	1	edu.utah.bmi.type.system.Fever_present
[axillary|oral|rectal]\s+temp[|erature]\s+[|\c+\s+|\c+\s+\c+\s+]98.[1|2|3|4|5|6|7|8][|F|\s+F|\s+degree|\s+degrees|\s+degree\s+F|\s+degrees\s+F])[\p|\w]	1	edu.utah.bmi.type.system.Fever_absent
[axillary|oral|rectal]\s+temp[|erature]\s+[|\c+\s+|\c+\s+\c+\s+]9[3|4|5|6|7][|.\d][|F|\s+F|\s+degree|\s+degrees|\s+degree\s+F|\s+degrees\s+F])[\p|\w]	1	edu.utah.bmi.type.system.Fever_absent



[T|t]emp[|erature]\s+[|\c+\s+|\c+\s+\c+\s+]4\d[|.\d][|C|\s+C|\s+degree|\s+degrees|\s+degree\s+centigrade|\s+degrees\s+centigrade])[\p|\w]	1	edu.utah.bmi.type.system.Fever_present
[T|t]emp[|erature]\s+[|\c+\s+|\c+\s+\c+\s+]3[8|9][|.\d][|C|\s+C|\s+degree|\s+degrees|\s+degree\s+centigrade|\s+degrees\s+centigrade])[\p|\w]	1	edu.utah.bmi.type.system.Fever_present
[T|t]emp[|erature]\s+[|\c+\s+|\c+\s+\c+\s+]37.[7|8|9][|C|\s+C|\s+degree|\s+degrees|\s+degree\s+centigrade|\s+degrees\s+centigrade])[\p|\w]	1	edu.utah.bmi.type.system.Fever_present
[T|t]emp[|erature]\s+[|\c+\s+|\c+\s+\c+\s+]37.[1|2|3|4|5|6][|C|\s+C|\s+degree|\s+degrees|\s+degree\s+centigrade|\s+degrees\s+centigrade])[\p|\w]	1	edu.utah.bmi.type.system.Fever_absent
[T|t]emp[|erature]\s+[|\c+\s+|\c+\s+\c+\s+]36[|.\d][|C|\s+C|\s+degree|\s+degrees|\s+degree\s+centigrade|\s+degrees\s+centigrade])[\p|\w]	1	edu.utah.bmi.type.system.Fever_absent





[hysical Exam|hysical exam|hysical examination|PE][|:|\s+:][|\s+][|\n+][|V\s+:|\s+V\s+:][|\s+](1[0|1]\d[|.\d][F|\s+F])[\p|\w]	1	edu.utah.bmi.type.system.Fever_present
[hysical Exam|hysical exam|hysical examination|PE][|:|\s+:][|\s+][|\n+][|V\s+:|\s+V\s+:][|\s+](99[|.\d][F|\s+F])[\p|\w]	1	edu.utah.bmi.type.system.Fever_present
[hysical Exam|hysical exam|hysical examination|PE][|:|\s+:][|\s+][|\n+][|V\s+:|\s+V\s+:][|\s+](98.[7|8|9][F|\s+F])[\p|\w]	1	edu.utah.bmi.type.system.Fever_present
[hysical Exam|hysical exam|hysical examination|PE][|:|\s+:][|\s+][|\n+][|V\s+:|\s+V\s+:][|\s+](98.[1|2|3|4|5|6][F|\s+F])[\p|\w]	1	edu.utah.bmi.type.system.Fever_absent
[hysical Exam|hysical exam|hysical examination|PE][|:|\s+:][|\s+][|\n+][|V\s+:|\s+V\s+:][|\s+](9[3|4|5|6|7][|.\d][F|\s+F])[\p|\w]	1	edu.utah.bmi.type.system.Fever_absent


[hysical Exam|hysical exam|hysical examination|PE][|:|\s+:][|\s+][|\n+][|V\s+:|\s+V\s+:][|\s+](1[0|1]\d[.\d])[\p|\w]	1	edu.utah.bmi.type.system.Fever_present
[hysical Exam|hysical exam|hysical examination|PE][|:|\s+:][|\s+][|\n+][|V\s+:|\s+V\s+:][|\s+](99[.\d])[\p|\w]	1	edu.utah.bmi.type.system.Fever_present
[hysical Exam|hysical exam|hysical examination|PE][|:|\s+:][|\s+][|\n+][|V\s+:|\s+V\s+:][|\s+](98.[7|8|9])[\p|\w]	1	edu.utah.bmi.type.system.Fever_present
[hysical Exam|hysical exam|hysical examination|PE][|:|\s+:][|\s+][|\n+][|V\s+:|\s+V\s+:][|\s+](98.[1|2|3|4|5|6])[\p|\w]	1	edu.utah.bmi.type.system.Fever_absent
[hysical Exam|hysical exam|hysical examination|PE][|:|\s+:][|\s+][|\n+][|V\s+:|\s+V\s+:][|\s+](9[3|4|5|6|7][.\d])[\p|\w]	1	edu.utah.bmi.type.system.Fever_absent


Vital[|s][|\s+][|:][|\s+](1[0|1]\d[|.\d][|F|\s+F|\s+degree|\s+degrees|\s+degree\s+F|\s+degrees\s+F])	1	edu.utah.bmi.type.system.Fever_present
Vital[|s][|\s+][|:][|\s+](99[|.\d][|F|\s+F|\s+degree|\s+degrees|\s+degree\s+F|\s+degrees\s+F])	1	edu.utah.bmi.type.system.Fever_present
Vital[|s][|\s+][|:][|\s+](98.9[|F|\s+F|\s+degree|\s+degrees|\s+degree\s+F|\s+degrees\s+F])	1	edu.utah.bmi.type.system.Fever_present
Vital[|s][|\s+][|:][|\s+](98.[1|2|3|4|5|6|7|8][|F|\s+F|\s+degree|\s+degrees|\s+degree\s+F|\s+degrees\s+F])	1	edu.utah.bmi.type.system.Fever_absent
Vital[|s][|\s+][|:][|\s+](9[3|4|5|6|7][|.\d][|F|\s+F|\s+degree|\s+degrees|\s+degree\s+F|\s+degrees\s+F])	1	edu.utah.bmi.type.system.Fever_absent

VS[|s][|\s+][|:][|\s+](1[0|1]\d[|.\d][|F|\s+F|\s+degree|\s+degrees|\s+degree\s+F|\s+degrees\s+F])	1	edu.utah.bmi.type.system.Fever_present
VS[|s][|\s+][|:][|\s+](99[|.\d][|F|\s+F|\s+degree|\s+degrees|\s+degree\s+F|\s+degrees\s+F])	1	edu.utah.bmi.type.system.Fever_present
VS[|s][|\s+][|:][|\s+](98.9[|F|\s+F|\s+degree|\s+degrees|\s+degree\s+F|\s+degrees\s+F])	1	edu.utah.bmi.type.system.Fever_present
VS[|s][|\s+][|:][|\s+](98.[1|2|3|4|5|6|7|8][|F|\s+F|\s+degree|\s+degrees|\s+degree\s+F|\s+degrees\s+F])	1	edu.utah.bmi.type.system.Fever_absent
VS[|s][|\s+][|:][|\s+](9[3|4|5|6|7][|.\d][|F|\s+F|\s+degree|\s+degrees|\s+degree\s+F|\s+degrees\s+F])	1	edu.utah.bmi.type.system.Fever_absent

\s+(1[0|1]\d[|.\d][F|\s+F])[\p|\w]	1	edu.utah.bmi.type.system.Fever_present
\s+(99[|.\d][F|\s+F])[\p|\w]	1	edu.utah.bmi.type.system.Fever_present
\s+(98.[7|8|9][F|\s+F])[\p|\w]	1	edu.utah.bmi.type.system.Fever_present


T\s+1[0|1]\d.\d[|F|\s+F|\s+degree|\s+degrees|\s+degree\s+F|\s+degrees\s+F])[\p|\w]	1	edu.utah.bmi.type.system.Fever_present
T\s+1[0|1]\d[|F|\s+F|\s+degree|\s+degrees|\s+degree\s+F|\s+degrees\s+F])[\p|\w]	1	edu.utah.bmi.type.system.Fever_present
T\s+99.\d[|F|\s+F|\s+degree|\s+degrees|\s+degree\s+F|\s+degrees\s+F])[\p|\w]	1	edu.utah.bmi.type.system.Fever_present
T\s+98.9[|F|\s+F|\s+degree|\s+degrees|\s+degree\s+F|\s+degrees\s+F])[\p|\w]	1	edu.utah.bmi.type.system.Fever_present
T\s+98.[1|2|3|4|5|6|7|8][|F|\s+F|\s+degree|\s+degrees|\s+degree\s+F|\s+degrees\s+F])[\p|\w]	1	edu.utah.bmi.type.system.Fever_absent
T\s+9[3|4|5|6|7][|.\d][|F|\s+F|\s+degree|\s+degrees|\s+degree\s+F|\s+degrees\s+F])[\p|\w]	1	edu.utah.bmi.type.system.Fever_absent

PT\s+\d+[|.\d] 	2	edu.utah.bmi.type.system.Fever_present	PSEUDO
AT\s+\d+[|.\d] 	2	edu.utah.bmi.type.system.Fever_present	PSEUDO
TT\s+\d+[|.\d] 	2	edu.utah.bmi.type.system.Fever_present	PSEUDO
RT\s+\d+[|.\d] 	2	edu.utah.bmi.type.system.Fever_present	PSEUDO
BT\s+\d+[|.\d] 	2	edu.utah.bmi.type.system.Fever_present	PSEUDO
LT\s+\d+[|.\d] 	2	edu.utah.bmi.type.system.Fever_present	PSEUDO
GT\s+\d+[|.\d] 	2	edu.utah.bmi.type.system.Fever_present	PSEUDO

PT\s+9\d[|.\d] 	2	edu.utah.bmi.type.system.Fever_absent	PSEUDO
AT\s+9\d[|.\d] 	2	edu.utah.bmi.type.system.Fever_absent	PSEUDO
TT\s+9\d[|.\d] 	2	edu.utah.bmi.type.system.Fever_absent	PSEUDO
RT\s+9\d[|.\d] 	2	edu.utah.bmi.type.system.Fever_absent	PSEUDO
BT\s+9\d[|.\d] 	2	edu.utah.bmi.type.system.Fever_absent	PSEUDO
LT\s+9\d[|.\d] 	2	edu.utah.bmi.type.system.Fever_absent	PSEUDO
GT\s+9\d[|.\d] 	2	edu.utah.bmi.type.system.Fever_absent	PSEUDO



>98.[6|7|8|9][F|\s+F])[\p|\w]	1	edu.utah.bmi.type.system.Fever_present
>99.\d[F|\s+F])[\p|\w]	1	edu.utah.bmi.type.system.Fever_present
>1[0|1]\d.\d[F|\s+F])[\p|\w]	1	edu.utah.bmi.type.system.Fever_present
>1[0|1]\d[F|\s+F])[\p|\w]	1	edu.utah.bmi.type.system.Fever_present


\s(98.[6|7|8|9][\s+degree\s+|\s+degrees\s+][F|\s+F])[\p|\w]	1	edu.utah.bmi.type.system.Fever_present
\s(99.\d[\s+degree\s+|\s+degrees\s+][F|\s+F])[\p|\w]	1	edu.utah.bmi.type.system.Fever_present
\s(1[0|1]\d.\d[\s+degree\s+|\s+degrees\s+][F|\s+F])[\p|\w]	1	edu.utah.bmi.type.system.Fever_present
\s(1[0|1]\d[\s+degree\s+|\s+degrees\s+][F|\s+F])[\p|\w]	1	edu.utah.bmi.type.system.Fever_present


\s(4\d[|.\d][C|\s+C|\s+degree|\s+degrees|\s+degree\s+centigrade|\s+degrees\s+centigrade])[\p|\w]	1	edu.utah.bmi.type.system.Fever_present
\s(3[8|9][|.\d][C|\s+C|\s+degree|\s+degrees|\s+degree\s+centigrade|\s+degrees\s+centigrade])[\p|\w]	1	edu.utah.bmi.type.system.Fever_present
\s(37.[7|8|9][C|\s+C|\s+degree|\s+degrees|\s+degree\s+centigrade|\s+degrees\s+centigrade])[\p|\w]	1	edu.utah.bmi.type.system.Fever_present
\s(37.[1|2|3|4|5|6][C|\s+C|\s+degree|\s+degrees|\s+degree\s+centigrade|\s+degrees\s+centigrade])[\p|\w]	1	edu.utah.bmi.type.system.Fever_absent
\s(36[|.\d][C|\s+C|\s+degree|\s+degrees|\s+degree\s+centigrade|\s+degrees\s+centigrade])[\p|\w]	1	edu.utah.bmi.type.system.Fever_absent

